Sample;number_ID;batch;Duplicate Notes;Full path in server
Sample_214;214;170629_NB501805_0007_AH3GG7BGX3;;/ludc/Raw_Data_Archive/Sequencing/Rna_Seq/human_islets/fastq/170629_NB501805_0007_AH3GG7BGX3
Sample_215;215;170629_NB501805_0007_AH3GG7BGX3;;/ludc/Raw_Data_Archive/Sequencing/Rna_Seq/human_islets/fastq/170629_NB501805_0007_AH3GG7BGX3
Sample_216;216;170629_NB501805_0007_AH3GG7BGX3;;/ludc/Raw_Data_Archive/Sequencing/Rna_Seq/human_islets/fastq/170629_NB501805_0007_AH3GG7BGX3
Sample_217;217;170629_NB501805_0007_AH3GG7BGX3;;/ludc/Raw_Data_Archive/Sequencing/Rna_Seq/human_islets/fastq/170629_NB501805_0007_AH3GG7BGX3
Sample_218;218;180830_NB501805_0082_AHWGJKBGX5;;/ludc/Raw_Data_Archive/Sequencing/Rna_Seq/human_islets/fastq/180830_NB501805_0082_AHWGJKBGX5
Sample_219;219;170629_NB501805_0007_AH3GG7BGX3;;/ludc/Raw_Data_Archive/Sequencing/Rna_Seq/human_islets/fastq/170629_NB501805_0007_AH3GG7BGX3
Sample_220;220;170629_NB501805_0007_AH3GG7BGX3;;/ludc/Raw_Data_Archive/Sequencing/Rna_Seq/human_islets/fastq/170629_NB501805_0007_AH3GG7BGX3
Sample_221;221;170629_NB501805_0007_AH3GG7BGX3;;/ludc/Raw_Data_Archive/Sequencing/Rna_Seq/human_islets/fastq/170629_NB501805_0007_AH3GG7BGX3
Sample_222;222;170629_NB501805_0007_AH3GG7BGX3;;/ludc/Raw_Data_Archive/Sequencing/Rna_Seq/human_islets/fastq/170629_NB501805_0007_AH3GG7BGX3
Sample_223;223;171205_NB501805_0027_AHCC7LBGX5;;/ludc/Raw_Data_Archive/Sequencing/Rna_Seq/human_islets/fastq/171205_NB501805_0027_AHCC7LBGX5
Sample_224;224;171205_NB501805_0027_AHCC7LBGX5;;/ludc/Raw_Data_Archive/Sequencing/Rna_Seq/human_islets/fastq/171205_NB501805_0027_AHCC7LBGX5
Sample_225;225;171205_NB501805_0027_AHCC7LBGX5;;/ludc/Raw_Data_Archive/Sequencing/Rna_Seq/human_islets/fastq/171205_NB501805_0027_AHCC7LBGX5
Sample_226;226;171205_NB501805_0027_AHCC7LBGX5;;/ludc/Raw_Data_Archive/Sequencing/Rna_Seq/human_islets/fastq/171205_NB501805_0027_AHCC7LBGX5
Sample_227;227;171205_NB501805_0027_AHCC7LBGX5;;/ludc/Raw_Data_Archive/Sequencing/Rna_Seq/human_islets/fastq/171205_NB501805_0027_AHCC7LBGX5
Sample_228;228;171205_NB501805_0027_AHCC7LBGX5;;/ludc/Raw_Data_Archive/Sequencing/Rna_Seq/human_islets/fastq/171205_NB501805_0027_AHCC7LBGX5
Sample_229;229;171205_NB501805_0027_AHCC7LBGX5;;/ludc/Raw_Data_Archive/Sequencing/Rna_Seq/human_islets/fastq/171205_NB501805_0027_AHCC7LBGX5
Sample_230;230;171205_NB501805_0027_AHCC7LBGX5;;/ludc/Raw_Data_Archive/Sequencing/Rna_Seq/human_islets/fastq/171205_NB501805_0027_AHCC7LBGX5
Sample_231;231;171205_NB501805_0027_AHCC7LBGX5;;/ludc/Raw_Data_Archive/Sequencing/Rna_Seq/human_islets/fastq/171205_NB501805_0027_AHCC7LBGX5
Sample_232;232;171205_NB501805_0027_AHCC7LBGX5;;/ludc/Raw_Data_Archive/Sequencing/Rna_Seq/human_islets/fastq/171205_NB501805_0027_AHCC7LBGX5
Sample_233;233;171205_NB501805_0027_AHCC7LBGX5;;/ludc/Raw_Data_Archive/Sequencing/Rna_Seq/human_islets/fastq/171205_NB501805_0027_AHCC7LBGX5
Sample_234;234;171205_NB501805_0027_AHCC7LBGX5;;/ludc/Raw_Data_Archive/Sequencing/Rna_Seq/human_islets/fastq/171205_NB501805_0027_AHCC7LBGX5
Sample_235;235;180117_NB501805_0041_AHCYCHBGX5;;/ludc/Raw_Data_Archive/Sequencing/Rna_Seq/human_islets/fastq/180117_NB501805_0041_AHCYCHBGX5
Sample_236;236;180117_NB501805_0041_AHCYCHBGX5;;/ludc/Raw_Data_Archive/Sequencing/Rna_Seq/human_islets/fastq/180117_NB501805_0041_AHCYCHBGX5
Sample_237;237;180117_NB501805_0041_AHCYCHBGX5;;/ludc/Raw_Data_Archive/Sequencing/Rna_Seq/human_islets/fastq/180117_NB501805_0041_AHCYCHBGX5
Sample_238;238;180117_NB501805_0041_AHCYCHBGX5;;/ludc/Raw_Data_Archive/Sequencing/Rna_Seq/human_islets/fastq/180117_NB501805_0041_AHCYCHBGX5
Sample_239;239;180117_NB501805_0041_AHCYCHBGX5;;/ludc/Raw_Data_Archive/Sequencing/Rna_Seq/human_islets/fastq/180117_NB501805_0041_AHCYCHBGX5
Sample_240;240;180117_NB501805_0041_AHCYCHBGX5;;/ludc/Raw_Data_Archive/Sequencing/Rna_Seq/human_islets/fastq/180117_NB501805_0041_AHCYCHBGX5
Sample_241;241;180117_NB501805_0041_AHCYCHBGX5;;/ludc/Raw_Data_Archive/Sequencing/Rna_Seq/human_islets/fastq/180117_NB501805_0041_AHCYCHBGX5
Sample_242;242;180117_NB501805_0041_AHCYCHBGX5;;/ludc/Raw_Data_Archive/Sequencing/Rna_Seq/human_islets/fastq/180117_NB501805_0041_AHCYCHBGX5
Sample_243;243;180117_NB501805_0041_AHCYCHBGX5;;/ludc/Raw_Data_Archive/Sequencing/Rna_Seq/human_islets/fastq/180117_NB501805_0041_AHCYCHBGX5
Sample_244;244;180117_NB501805_0041_AHCYCHBGX5;;/ludc/Raw_Data_Archive/Sequencing/Rna_Seq/human_islets/fastq/180117_NB501805_0041_AHCYCHBGX5
Sample_245;245;180117_NB501805_0041_AHCYCHBGX5;;/ludc/Raw_Data_Archive/Sequencing/Rna_Seq/human_islets/fastq/180117_NB501805_0041_AHCYCHBGX5
Sample_246;246;180117_NB501805_0041_AHCYCHBGX5;;/ludc/Raw_Data_Archive/Sequencing/Rna_Seq/human_islets/fastq/180117_NB501805_0041_AHCYCHBGX5
Sample_247;247;180119_NB501805_0042_AHCYHJBGX5;;/ludc/Raw_Data_Archive/Sequencing/Rna_Seq/human_islets/fastq/180119_NB501805_0042_AHCYHJBGX5
Sample_248;248;180119_NB501805_0042_AHCYHJBGX5;;/ludc/Raw_Data_Archive/Sequencing/Rna_Seq/human_islets/fastq/180119_NB501805_0042_AHCYHJBGX5
Sample_249;249;180119_NB501805_0042_AHCYHJBGX5;;/ludc/Raw_Data_Archive/Sequencing/Rna_Seq/human_islets/fastq/180119_NB501805_0042_AHCYHJBGX5
Sample_250;250;180119_NB501805_0042_AHCYHJBGX5;;/ludc/Raw_Data_Archive/Sequencing/Rna_Seq/human_islets/fastq/180119_NB501805_0042_AHCYHJBGX5
Sample_251;251;180119_NB501805_0042_AHCYHJBGX5;;/ludc/Raw_Data_Archive/Sequencing/Rna_Seq/human_islets/fastq/180119_NB501805_0042_AHCYHJBGX5
Sample_252;252;180119_NB501805_0042_AHCYHJBGX5;;/ludc/Raw_Data_Archive/Sequencing/Rna_Seq/human_islets/fastq/180119_NB501805_0042_AHCYHJBGX5
Sample_253;253;180119_NB501805_0042_AHCYHJBGX5;;/ludc/Raw_Data_Archive/Sequencing/Rna_Seq/human_islets/fastq/180119_NB501805_0042_AHCYHJBGX5
Sample_254;254;180119_NB501805_0042_AHCYHJBGX5;;/ludc/Raw_Data_Archive/Sequencing/Rna_Seq/human_islets/fastq/180119_NB501805_0042_AHCYHJBGX5
Sample_255;255;180119_NB501805_0042_AHCYHJBGX5;;/ludc/Raw_Data_Archive/Sequencing/Rna_Seq/human_islets/fastq/180119_NB501805_0042_AHCYHJBGX5
Sample_256;256;180119_NB501805_0042_AHCYHJBGX5;;/ludc/Raw_Data_Archive/Sequencing/Rna_Seq/human_islets/fastq/180119_NB501805_0042_AHCYHJBGX5
Sample_257;257;180119_NB501805_0042_AHCYHJBGX5;;/ludc/Raw_Data_Archive/Sequencing/Rna_Seq/human_islets/fastq/180119_NB501805_0042_AHCYHJBGX5
Sample_258;258;180119_NB501805_0042_AHCYHJBGX5;;/ludc/Raw_Data_Archive/Sequencing/Rna_Seq/human_islets/fastq/180119_NB501805_0042_AHCYHJBGX5
Sample_259;259;180830_NB501805_0082_AHWGJKBGX5;;/ludc/Raw_Data_Archive/Sequencing/Rna_Seq/human_islets/fastq/180830_NB501805_0082_AHWGJKBGX5
Sample_260;260;180830_NB501805_0082_AHWGJKBGX5;;/ludc/Raw_Data_Archive/Sequencing/Rna_Seq/human_islets/fastq/180830_NB501805_0082_AHWGJKBGX5
Sample_261;261;180830_NB501805_0082_AHWGJKBGX5;;/ludc/Raw_Data_Archive/Sequencing/Rna_Seq/human_islets/fastq/180830_NB501805_0082_AHWGJKBGX5
Sample_262;262;180821_NB501805_0080_AHTJF5BGX5;;/ludc/Raw_Data_Archive/Sequencing/Rna_Seq/human_islets/fastq/180821_NB501805_0080_AHTJF5BGX5
Sample_263;263;180821_NB501805_0080_AHTJF5BGX5;;/ludc/Raw_Data_Archive/Sequencing/Rna_Seq/human_islets/fastq/180821_NB501805_0080_AHTJF5BGX5
Sample_264;264;180821_NB501805_0080_AHTJF5BGX5;;/ludc/Raw_Data_Archive/Sequencing/Rna_Seq/human_islets/fastq/180821_NB501805_0080_AHTJF5BGX5
Sample_265;265;180821_NB501805_0080_AHTJF5BGX5;;/ludc/Raw_Data_Archive/Sequencing/Rna_Seq/human_islets/fastq/180821_NB501805_0080_AHTJF5BGX5
Sample_266;266;180821_NB501805_0080_AHTJF5BGX5;;/ludc/Raw_Data_Archive/Sequencing/Rna_Seq/human_islets/fastq/180821_NB501805_0080_AHTJF5BGX5
Sample_267;267;180821_NB501805_0080_AHTJF5BGX5;;/ludc/Raw_Data_Archive/Sequencing/Rna_Seq/human_islets/fastq/180821_NB501805_0080_AHTJF5BGX5
Sample_268;268;180821_NB501805_0080_AHTJF5BGX5;;/ludc/Raw_Data_Archive/Sequencing/Rna_Seq/human_islets/fastq/180821_NB501805_0080_AHTJF5BGX5
Sample_269;269;180821_NB501805_0080_AHTJF5BGX5;;/ludc/Raw_Data_Archive/Sequencing/Rna_Seq/human_islets/fastq/180821_NB501805_0080_AHTJF5BGX5
Sample_270;270;180821_NB501805_0080_AHTJF5BGX5;;/ludc/Raw_Data_Archive/Sequencing/Rna_Seq/human_islets/fastq/180821_NB501805_0080_AHTJF5BGX5
Sample_271;271;180821_NB501805_0080_AHTJF5BGX5;;/ludc/Raw_Data_Archive/Sequencing/Rna_Seq/human_islets/fastq/180821_NB501805_0080_AHTJF5BGX5
Sample_272;272;180822_NB501805_0081_AHT3FMBGX5;;/ludc/Raw_Data_Archive/Sequencing/Rna_Seq/human_islets/fastq/180822_NB501805_0081_AHT3FMBGX5
Sample_273;273;180822_NB501805_0081_AHT3FMBGX5;;/ludc/Raw_Data_Archive/Sequencing/Rna_Seq/human_islets/fastq/180822_NB501805_0081_AHT3FMBGX5
Sample_274;274;180822_NB501805_0081_AHT3FMBGX5;;/ludc/Raw_Data_Archive/Sequencing/Rna_Seq/human_islets/fastq/180822_NB501805_0081_AHT3FMBGX5
Sample_275;275;180822_NB501805_0081_AHT3FMBGX5;;/ludc/Raw_Data_Archive/Sequencing/Rna_Seq/human_islets/fastq/180822_NB501805_0081_AHT3FMBGX5
Sample_276;276;180822_NB501805_0081_AHT3FMBGX5;;/ludc/Raw_Data_Archive/Sequencing/Rna_Seq/human_islets/fastq/180822_NB501805_0081_AHT3FMBGX5
Sample_277;277;180822_NB501805_0081_AHT3FMBGX5;;/ludc/Raw_Data_Archive/Sequencing/Rna_Seq/human_islets/fastq/180822_NB501805_0081_AHT3FMBGX5
Sample_278;278;180822_NB501805_0081_AHT3FMBGX5;;/ludc/Raw_Data_Archive/Sequencing/Rna_Seq/human_islets/fastq/180822_NB501805_0081_AHT3FMBGX5
Sample_279;279;180822_NB501805_0081_AHT3FMBGX5;;/ludc/Raw_Data_Archive/Sequencing/Rna_Seq/human_islets/fastq/180822_NB501805_0081_AHT3FMBGX5
Sample_280;280;180822_NB501805_0081_AHT3FMBGX5;;/ludc/Raw_Data_Archive/Sequencing/Rna_Seq/human_islets/fastq/180822_NB501805_0081_AHT3FMBGX5
Sample_281;281;180822_NB501805_0081_AHT3FMBGX5;;/ludc/Raw_Data_Archive/Sequencing/Rna_Seq/human_islets/fastq/180822_NB501805_0081_AHT3FMBGX5
Sample_282;282;180822_NB501805_0081_AHT3FMBGX5;;/ludc/Raw_Data_Archive/Sequencing/Rna_Seq/human_islets/fastq/180822_NB501805_0081_AHT3FMBGX5
Sample_283;283;180822_NB501805_0081_AHT3FMBGX5;;/ludc/Raw_Data_Archive/Sequencing/Rna_Seq/human_islets/fastq/180822_NB501805_0081_AHT3FMBGX5
Sample_284;284;180830_NB501805_0082_AHWGJKBGX5;Dup: ~59% / read length: 76bp/ Reads: 128M;/ludc/Raw_Data_Archive/Sequencing/Rna_Seq/human_islets/fastq/180830_NB501805_0082_AHWGJKBGX5
Sample_284;284;231214_NB501805_0173_AHMJHKBGXV;Dup: ~20% / read length: 74bp/ Reads: 68.6M;/ludc/Raw_Data_Archive/Sequencing/Rna_Seq/human_islets/fastq/231214_NB501805_0173_AHMJHKBGXV
Sample_285;285;180830_NB501805_0082_AHWGJKBGX5;Dup: ~64% / read length: 76bp/ Reads: 116.4M;/ludc/Raw_Data_Archive/Sequencing/Rna_Seq/human_islets/fastq/180830_NB501805_0082_AHWGJKBGX5
Sample_285;285;231214_NB501805_0173_AHMJHKBGXV;Dup: ~20% / read length: 74bp/ Reads: 74.8M;/ludc/Raw_Data_Archive/Sequencing/Rna_Seq/human_islets/fastq/231214_NB501805_0173_AHMJHKBGXV
Sample_286;286;180830_NB501805_0082_AHWGJKBGX5;Dup: ~71% / read length: 76bp/ Reads: 190.2M;/ludc/Raw_Data_Archive/Sequencing/Rna_Seq/human_islets/fastq/180830_NB501805_0082_AHWGJKBGX5
Sample_286;286;231214_NB501805_0173_AHMJHKBGXV;Dup: ~20% / read length: 74bp/ Reads: 62.6M;/ludc/Raw_Data_Archive/Sequencing/Rna_Seq/human_islets/fastq/231214_NB501805_0173_AHMJHKBGXV
Sample_287;287;231214_NB501805_0173_AHMJHKBGXV;;/ludc/Raw_Data_Archive/Sequencing/Rna_Seq/human_islets/fastq/231214_NB501805_0173_AHMJHKBGXV
Sample_288;288;231214_NB501805_0173_AHMJHKBGXV;;/ludc/Raw_Data_Archive/Sequencing/Rna_Seq/human_islets/fastq/231214_NB501805_0173_AHMJHKBGXV
Sample_289;289;231214_NB501805_0173_AHMJHKBGXV;;/ludc/Raw_Data_Archive/Sequencing/Rna_Seq/human_islets/fastq/231214_NB501805_0173_AHMJHKBGXV
Sample_290;290;231214_NB501805_0173_AHMJHKBGXV;;/ludc/Raw_Data_Archive/Sequencing/Rna_Seq/human_islets/fastq/231214_NB501805_0173_AHMJHKBGXV
Sample_291;291;231214_NB501805_0173_AHMJHKBGXV;;/ludc/Raw_Data_Archive/Sequencing/Rna_Seq/human_islets/fastq/231214_NB501805_0173_AHMJHKBGXV
Sample_292;292;231214_NB501805_0173_AHMJHKBGXV;;/ludc/Raw_Data_Archive/Sequencing/Rna_Seq/human_islets/fastq/231214_NB501805_0173_AHMJHKBGXV
Sample_293;293;231214_NB501805_0173_AHMJHKBGXV;;/ludc/Raw_Data_Archive/Sequencing/Rna_Seq/human_islets/fastq/231214_NB501805_0173_AHMJHKBGXV
Sample_294;294;231214_NB501805_0173_AHMJHKBGXV;;/ludc/Raw_Data_Archive/Sequencing/Rna_Seq/human_islets/fastq/231214_NB501805_0173_AHMJHKBGXV
Sample_295;295;231214_NB501805_0173_AHMJHKBGXV;;/ludc/Raw_Data_Archive/Sequencing/Rna_Seq/human_islets/fastq/231214_NB501805_0173_AHMJHKBGXV
Sample_296;296;240108_NB501805_0174_AHMHCYBGXV;;/ludc/Raw_Data_Archive/Sequencing/Rna_Seq/human_islets/fastq/240108_NB501805_0174_AHMHCYBGXV
Sample_297;297;240108_NB501805_0174_AHMHCYBGXV;;/ludc/Raw_Data_Archive/Sequencing/Rna_Seq/human_islets/fastq/240108_NB501805_0174_AHMHCYBGXV
Sample_298;298;240108_NB501805_0174_AHMHCYBGXV;;/ludc/Raw_Data_Archive/Sequencing/Rna_Seq/human_islets/fastq/240108_NB501805_0174_AHMHCYBGXV
Sample_299;299;240108_NB501805_0174_AHMHCYBGXV;;/ludc/Raw_Data_Archive/Sequencing/Rna_Seq/human_islets/fastq/240108_NB501805_0174_AHMHCYBGXV
Sample_300;300;240108_NB501805_0174_AHMHCYBGXV;;/ludc/Raw_Data_Archive/Sequencing/Rna_Seq/human_islets/fastq/240108_NB501805_0174_AHMHCYBGXV
Sample_301;301;240108_NB501805_0174_AHMHCYBGXV;;/ludc/Raw_Data_Archive/Sequencing/Rna_Seq/human_islets/fastq/240108_NB501805_0174_AHMHCYBGXV
Sample_302;302;240108_NB501805_0174_AHMHCYBGXV;;/ludc/Raw_Data_Archive/Sequencing/Rna_Seq/human_islets/fastq/240108_NB501805_0174_AHMHCYBGXV
Sample_303;303;240108_NB501805_0174_AHMHCYBGXV;;/ludc/Raw_Data_Archive/Sequencing/Rna_Seq/human_islets/fastq/240108_NB501805_0174_AHMHCYBGXV
Sample_304;304;240108_NB501805_0174_AHMHCYBGXV;;/ludc/Raw_Data_Archive/Sequencing/Rna_Seq/human_islets/fastq/240108_NB501805_0174_AHMHCYBGXV
Sample_305;305;240108_NB501805_0174_AHMHCYBGXV;;/ludc/Raw_Data_Archive/Sequencing/Rna_Seq/human_islets/fastq/240108_NB501805_0174_AHMHCYBGXV
Sample_306;306;240108_NB501805_0174_AHMHCYBGXV;;/ludc/Raw_Data_Archive/Sequencing/Rna_Seq/human_islets/fastq/240108_NB501805_0174_AHMHCYBGXV
Sample_307;307;240108_NB501805_0174_AHMHCYBGXV;;/ludc/Raw_Data_Archive/Sequencing/Rna_Seq/human_islets/fastq/240108_NB501805_0174_AHMHCYBGXV
Sample_308;308;240109_NB501805_0175_AHMJ7KBGXV;;/ludc/Raw_Data_Archive/Sequencing/Rna_Seq/human_islets/fastq/240109_NB501805_0175_AHMJ7KBGXV
Sample_309;309;240109_NB501805_0175_AHMJ7KBGXV;;/ludc/Raw_Data_Archive/Sequencing/Rna_Seq/human_islets/fastq/240109_NB501805_0175_AHMJ7KBGXV
Sample_310;310;240109_NB501805_0175_AHMJ7KBGXV;;/ludc/Raw_Data_Archive/Sequencing/Rna_Seq/human_islets/fastq/240109_NB501805_0175_AHMJ7KBGXV
Sample_311;311;240109_NB501805_0175_AHMJ7KBGXV;;/ludc/Raw_Data_Archive/Sequencing/Rna_Seq/human_islets/fastq/240109_NB501805_0175_AHMJ7KBGXV
Sample_312;312;240109_NB501805_0175_AHMJ7KBGXV;;/ludc/Raw_Data_Archive/Sequencing/Rna_Seq/human_islets/fastq/240109_NB501805_0175_AHMJ7KBGXV
Sample_313;313;240109_NB501805_0175_AHMJ7KBGXV;;/ludc/Raw_Data_Archive/Sequencing/Rna_Seq/human_islets/fastq/240109_NB501805_0175_AHMJ7KBGXV
Sample_314;314;240109_NB501805_0175_AHMJ7KBGXV;;/ludc/Raw_Data_Archive/Sequencing/Rna_Seq/human_islets/fastq/240109_NB501805_0175_AHMJ7KBGXV
Sample_315;315;240109_NB501805_0175_AHMJ7KBGXV;;/ludc/Raw_Data_Archive/Sequencing/Rna_Seq/human_islets/fastq/240109_NB501805_0175_AHMJ7KBGXV
Sample_316;316;240109_NB501805_0175_AHMJ7KBGXV;;/ludc/Raw_Data_Archive/Sequencing/Rna_Seq/human_islets/fastq/240109_NB501805_0175_AHMJ7KBGXV
Sample_317;317;240109_NB501805_0175_AHMJ7KBGXV;;/ludc/Raw_Data_Archive/Sequencing/Rna_Seq/human_islets/fastq/240109_NB501805_0175_AHMJ7KBGXV
Sample_318;318;240109_NB501805_0175_AHMJ7KBGXV;;/ludc/Raw_Data_Archive/Sequencing/Rna_Seq/human_islets/fastq/240109_NB501805_0175_AHMJ7KBGXV
Sample_319;319;240109_NB501805_0175_AHMJ7KBGXV;;/ludc/Raw_Data_Archive/Sequencing/Rna_Seq/human_islets/fastq/240109_NB501805_0175_AHMJ7KBGXV
Sample_320;320;240116_NB501805_0176_AHMJG7BGXV;;/ludc/Raw_Data_Archive/Sequencing/Rna_Seq/human_islets/fastq/240116_NB501805_0176_AHMJG7BGXV
Sample_321;321;240116_NB501805_0176_AHMJG7BGXV;;/ludc/Raw_Data_Archive/Sequencing/Rna_Seq/human_islets/fastq/240116_NB501805_0176_AHMJG7BGXV
Sample_322;322;240116_NB501805_0176_AHMJG7BGXV;;/ludc/Raw_Data_Archive/Sequencing/Rna_Seq/human_islets/fastq/240116_NB501805_0176_AHMJG7BGXV
Sample_323;323;240116_NB501805_0176_AHMJG7BGXV;;/ludc/Raw_Data_Archive/Sequencing/Rna_Seq/human_islets/fastq/240116_NB501805_0176_AHMJG7BGXV
Sample_324;324;240116_NB501805_0176_AHMJG7BGXV;;/ludc/Raw_Data_Archive/Sequencing/Rna_Seq/human_islets/fastq/240116_NB501805_0176_AHMJG7BGXV
Sample_325;325;240116_NB501805_0176_AHMJG7BGXV;;/ludc/Raw_Data_Archive/Sequencing/Rna_Seq/human_islets/fastq/240116_NB501805_0176_AHMJG7BGXV
Sample_327;327;240116_NB501805_0176_AHMJG7BGXV;;/ludc/Raw_Data_Archive/Sequencing/Rna_Seq/human_islets/fastq/240116_NB501805_0176_AHMJG7BGXV
Sample_328;328;240116_NB501805_0176_AHMJG7BGXV;;/ludc/Raw_Data_Archive/Sequencing/Rna_Seq/human_islets/fastq/240116_NB501805_0176_AHMJG7BGXV
Sample_329;329;240116_NB501805_0176_AHMJG7BGXV;;/ludc/Raw_Data_Archive/Sequencing/Rna_Seq/human_islets/fastq/240116_NB501805_0176_AHMJG7BGXV
Sample_330;330;240116_NB501805_0176_AHMJG7BGXV;;/ludc/Raw_Data_Archive/Sequencing/Rna_Seq/human_islets/fastq/240116_NB501805_0176_AHMJG7BGXV
Sample_331;331;240116_NB501805_0176_AHMJG7BGXV;;/ludc/Raw_Data_Archive/Sequencing/Rna_Seq/human_islets/fastq/240116_NB501805_0176_AHMJG7BGXV
Sample_332;332;240116_NB501805_0176_AHMJG7BGXV;;/ludc/Raw_Data_Archive/Sequencing/Rna_Seq/human_islets/fastq/240116_NB501805_0176_AHMJG7BGXV
Sample_333;333;240122_NB501805_0177_AHMHCNBGXV;;/ludc/Raw_Data_Archive/Sequencing/Rna_Seq/human_islets/fastq/240122_NB501805_0177_AHMHCNBGXV
Sample_334;334;240122_NB501805_0177_AHMHCNBGXV;;/ludc/Raw_Data_Archive/Sequencing/Rna_Seq/human_islets/fastq/240122_NB501805_0177_AHMHCNBGXV
Sample_335;335;240122_NB501805_0177_AHMHCNBGXV;;/ludc/Raw_Data_Archive/Sequencing/Rna_Seq/human_islets/fastq/240122_NB501805_0177_AHMHCNBGXV
Sample_336;336;240122_NB501805_0177_AHMHCNBGXV;;/ludc/Raw_Data_Archive/Sequencing/Rna_Seq/human_islets/fastq/240122_NB501805_0177_AHMHCNBGXV
Sample_337;337;240122_NB501805_0177_AHMHCNBGXV;;/ludc/Raw_Data_Archive/Sequencing/Rna_Seq/human_islets/fastq/240122_NB501805_0177_AHMHCNBGXV
Sample_338;338;240122_NB501805_0177_AHMHCNBGXV;;/ludc/Raw_Data_Archive/Sequencing/Rna_Seq/human_islets/fastq/240122_NB501805_0177_AHMHCNBGXV
Sample_339;339;240122_NB501805_0177_AHMHCNBGXV;;/ludc/Raw_Data_Archive/Sequencing/Rna_Seq/human_islets/fastq/240122_NB501805_0177_AHMHCNBGXV
Sample_340;340;240122_NB501805_0177_AHMHCNBGXV;;/ludc/Raw_Data_Archive/Sequencing/Rna_Seq/human_islets/fastq/240122_NB501805_0177_AHMHCNBGXV
Sample_341;341;240122_NB501805_0177_AHMHCNBGXV;;/ludc/Raw_Data_Archive/Sequencing/Rna_Seq/human_islets/fastq/240122_NB501805_0177_AHMHCNBGXV
Sample_342;342;240122_NB501805_0177_AHMHCNBGXV;Dup: ~25% / read length: 74bp/ Reads: 6M;/ludc/Raw_Data_Archive/Sequencing/Rna_Seq/human_islets/fastq/240122_NB501805_0177_AHMHCNBGXV
Sample_342;342;240123_NB501805_0178_AHMJ2NBGXV;Dup: ~32% / read length: 74bp/ Reads: 37M;/ludc/Raw_Data_Archive/Sequencing/Rna_Seq/human_islets/fastq/240123_NB501805_0178_AHMJ2NBGXV
Sample_343;343;240122_NB501805_0177_AHMHCNBGXV;;/ludc/Raw_Data_Archive/Sequencing/Rna_Seq/human_islets/fastq/240122_NB501805_0177_AHMHCNBGXV
Sample_344;344;240122_NB501805_0177_AHMHCNBGXV;;/ludc/Raw_Data_Archive/Sequencing/Rna_Seq/human_islets/fastq/240122_NB501805_0177_AHMHCNBGXV
Sample_345;345;240123_NB501805_0178_AHMJ2NBGXV;;/ludc/Raw_Data_Archive/Sequencing/Rna_Seq/human_islets/fastq/240123_NB501805_0178_AHMJ2NBGXV
Sample_346;346;240123_NB501805_0178_AHMJ2NBGXV;;/ludc/Raw_Data_Archive/Sequencing/Rna_Seq/human_islets/fastq/240123_NB501805_0178_AHMJ2NBGXV
Sample_347;347;240123_NB501805_0178_AHMJ2NBGXV;;/ludc/Raw_Data_Archive/Sequencing/Rna_Seq/human_islets/fastq/240123_NB501805_0178_AHMJ2NBGXV
Sample_348;348;240123_NB501805_0178_AHMJ2NBGXV;;/ludc/Raw_Data_Archive/Sequencing/Rna_Seq/human_islets/fastq/240123_NB501805_0178_AHMJ2NBGXV
Sample_349;349;240123_NB501805_0178_AHMJ2NBGXV;;/ludc/Raw_Data_Archive/Sequencing/Rna_Seq/human_islets/fastq/240123_NB501805_0178_AHMJ2NBGXV
Sample_350;350;240123_NB501805_0178_AHMJ2NBGXV;;/ludc/Raw_Data_Archive/Sequencing/Rna_Seq/human_islets/fastq/240123_NB501805_0178_AHMJ2NBGXV
Sample_351;351;240123_NB501805_0178_AHMJ2NBGXV;;/ludc/Raw_Data_Archive/Sequencing/Rna_Seq/human_islets/fastq/240123_NB501805_0178_AHMJ2NBGXV
Sample_352;352;240123_NB501805_0178_AHMJ2NBGXV;;/ludc/Raw_Data_Archive/Sequencing/Rna_Seq/human_islets/fastq/240123_NB501805_0178_AHMJ2NBGXV
Sample_353;353;240123_NB501805_0178_AHMJ2NBGXV;;/ludc/Raw_Data_Archive/Sequencing/Rna_Seq/human_islets/fastq/240123_NB501805_0178_AHMJ2NBGXV
Sample_354;354;240123_NB501805_0178_AHMJ2NBGXV;;/ludc/Raw_Data_Archive/Sequencing/Rna_Seq/human_islets/fastq/240123_NB501805_0178_AHMJ2NBGXV
Sample_355;355;240123_NB501805_0178_AHMJ2NBGXV;;/ludc/Raw_Data_Archive/Sequencing/Rna_Seq/human_islets/fastq/240123_NB501805_0178_AHMJ2NBGXV
Sample_356;356;240123_NB501805_0178_AHMJ2NBGXV;;/ludc/Raw_Data_Archive/Sequencing/Rna_Seq/human_islets/fastq/240123_NB501805_0178_AHMJ2NBGXV
Sample_357;357;250120_NB501805_0187_AHG75JBGYW;;/ludc/Raw_Data_Archive/Sequencing/Rna_Seq/human_islets/fastq/250120_NB501805_0187_AHG75JBGYW
Sample_358;358;250120_NB501805_0187_AHG75JBGYW;;/ludc/Raw_Data_Archive/Sequencing/Rna_Seq/human_islets/fastq/250120_NB501805_0187_AHG75JBGYW
Sample_360;360;250120_NB501805_0187_AHG75JBGYW;;/ludc/Raw_Data_Archive/Sequencing/Rna_Seq/human_islets/fastq/250120_NB501805_0187_AHG75JBGYW
Sample_361;361;250120_NB501805_0187_AHG75JBGYW;;/ludc/Raw_Data_Archive/Sequencing/Rna_Seq/human_islets/fastq/250120_NB501805_0187_AHG75JBGYW
Sample_363;363;250120_NB501805_0187_AHG75JBGYW;;/ludc/Raw_Data_Archive/Sequencing/Rna_Seq/human_islets/fastq/250120_NB501805_0187_AHG75JBGYW
Sample_364;364;250120_NB501805_0187_AHG75JBGYW;;/ludc/Raw_Data_Archive/Sequencing/Rna_Seq/human_islets/fastq/250120_NB501805_0187_AHG75JBGYW
Sample_365;365;250120_NB501805_0187_AHG75JBGYW;;/ludc/Raw_Data_Archive/Sequencing/Rna_Seq/human_islets/fastq/250120_NB501805_0187_AHG75JBGYW
Sample_366;366;250120_NB501805_0187_AHG75JBGYW;;/ludc/Raw_Data_Archive/Sequencing/Rna_Seq/human_islets/fastq/250120_NB501805_0187_AHG75JBGYW
Sample_367;367;250120_NB501805_0187_AHG75JBGYW;;/ludc/Raw_Data_Archive/Sequencing/Rna_Seq/human_islets/fastq/250120_NB501805_0187_AHG75JBGYW
Sample_368;368;250120_NB501805_0187_AHG75JBGYW;;/ludc/Raw_Data_Archive/Sequencing/Rna_Seq/human_islets/fastq/250120_NB501805_0187_AHG75JBGYW
Sample_369;369;250120_NB501805_0187_AHG75JBGYW;;/ludc/Raw_Data_Archive/Sequencing/Rna_Seq/human_islets/fastq/250120_NB501805_0187_AHG75JBGYW
Sample_370;370;250120_NB501805_0187_AHG75JBGYW;;/ludc/Raw_Data_Archive/Sequencing/Rna_Seq/human_islets/fastq/250120_NB501805_0187_AHG75JBGYW
Sample_371;371;250127_NB501805_0188_AHG75WBGYW;;/ludc/Raw_Data_Archive/Sequencing/Rna_Seq/human_islets/fastq/250127_NB501805_0188_AHG75WBGYW
Sample_372;372;250127_NB501805_0188_AHG75WBGYW;;/ludc/Raw_Data_Archive/Sequencing/Rna_Seq/human_islets/fastq/250127_NB501805_0188_AHG75WBGYW
Sample_373;373;250127_NB501805_0188_AHG75WBGYW;;/ludc/Raw_Data_Archive/Sequencing/Rna_Seq/human_islets/fastq/250127_NB501805_0188_AHG75WBGYW
Sample_374;374;250127_NB501805_0188_AHG75WBGYW;;/ludc/Raw_Data_Archive/Sequencing/Rna_Seq/human_islets/fastq/250127_NB501805_0188_AHG75WBGYW
Sample_375;375;250127_NB501805_0188_AHG75WBGYW;;/ludc/Raw_Data_Archive/Sequencing/Rna_Seq/human_islets/fastq/250127_NB501805_0188_AHG75WBGYW
Sample_376;376;250127_NB501805_0188_AHG75WBGYW;;/ludc/Raw_Data_Archive/Sequencing/Rna_Seq/human_islets/fastq/250127_NB501805_0188_AHG75WBGYW
Sample_377;377;250127_NB501805_0188_AHG75WBGYW;;/ludc/Raw_Data_Archive/Sequencing/Rna_Seq/human_islets/fastq/250127_NB501805_0188_AHG75WBGYW
Sample_378;378;250127_NB501805_0188_AHG75WBGYW;;/ludc/Raw_Data_Archive/Sequencing/Rna_Seq/human_islets/fastq/250127_NB501805_0188_AHG75WBGYW
Sample_381;381;250127_NB501805_0188_AHG75WBGYW;;/ludc/Raw_Data_Archive/Sequencing/Rna_Seq/human_islets/fastq/250127_NB501805_0188_AHG75WBGYW
Sample_382;382;250127_NB501805_0188_AHG75WBGYW;;/ludc/Raw_Data_Archive/Sequencing/Rna_Seq/human_islets/fastq/250127_NB501805_0188_AHG75WBGYW
